7bitconf,7bitConf,7bitConf::7bitConf
7bitdi,7bitDI,7bitDI::7bitDI
abseil,absl,
absent,absent,rvarago::absent
acado,ACADO,ACADO::ACADO
ade,ade,ade
aggeom-agg,agg,
alembic,Alembic,Alembic::Alembic
amgcl,amgcl,amgcl::amgcl
amqp-cpp,amqpcpp,amqpcpp
andreasbuhr-cppcoro,cppcoro,cppcoro::cppcoro
angelscript,Angelscript,Angelscript::angelscript
annoy,Annoy,Annoy::Annoy
antlr4-cppruntime,antlr4-runtime,
any-lite,any-lite,nonstd::any-lite
approvaltests.cpp,ApprovalTests,ApprovalTests::ApprovalTests
apriltag,apriltag,apriltag::apriltag
arcus,Arcus,Arcus
arduinojson,ArduinoJson,ArduinoJson
arg_router,arg_router,
argh,argh,argh
argparse,argparse,argparse::argparse
args-parser,args-parser,args-parser::args-parser
argtable3,Argtable3,argtable3::argtable3
argz,argz,argz::argz
armadillo,Armadillo,Armadillo::Armadillo
arrow,Arrow,
arsenalgear,arsenalgear,arsenalgear::arsenalgear
asio-grpc,asio-grpc,asio-grpc::asio-grpc
asmjit,asmjit,asmjit::asmjit
asmtk,asmtk,asmjit::asmtk
assimp,assimp,assimp::assimp
async_simple,async_simple,async_simple::async_simple_header_only
asyncly,asyncly,asyncly::asyncly
asyncplusplus,Async++,Async++
au,Au,Au::au
avcpp,avcpp,
aws-c-auth,aws-c-auth,AWS::aws-c-auth
aws-c-cal,aws-c-cal,AWS::aws-c-cal
aws-c-common,aws-c-common,AWS::aws-c-common
aws-c-compression,aws-c-compression,AWS::aws-c-compression
aws-c-event-stream,aws-c-event-stream,AWS::aws-c-event-stream
aws-c-http,aws-c-http,AWS::aws-c-http
aws-c-io,aws-c-io,AWS::aws-c-io
aws-c-mqtt,aws-c-mqtt,AWS::aws-c-mqtt
aws-c-s3,aws-c-s3,AWS::aws-c-s3
aws-c-sdkutils,aws-c-sdkutils,AWS::aws-c-sdkutils
aws-cdi-sdk,aws-cdi-sdk,
aws-checksums,aws-checksums,AWS::aws-checksums
aws-crt-cpp,aws-crt-cpp,AWS::aws-crt-cpp
aws-lambda-cpp,aws-lambda-runtime,AWS::aws-lambda-runtime
aws-sdk-cpp,AWSSDK,
azure-sdk-for-cpp,AzureSDK,
backport-cpp,Backport,Backport::Backport
backward-cpp,Backward,Backward::Backward
bacnet-stack,bacnet-stack,bacnet-stack::bacnet-stack
base64,base64,aklomp::base64
battery-embed,,battery::embed
bdwgc,BDWgc,BDWgc::BDWgc
beauty,beauty,beauty::beauty
benchmark,benchmark,benchmark::benchmark_main
bertrand,bertrand,bertrand::bertrand
bgfx,bgfx,bgfx::bgfx
bimg,bimg,bimg::bimg
bit-lite,bit-lite,nonstd::bit-lite
bitflags,bitflags,bitflags::bitflags
bitserializer,bitserializer,
bitsery,Bitsery,Bitsery::bitsery
blaze,blaze,blaze::blaze
blend2d,blend2d,blend2d::blend2d
bmx,bmx,
boolean-lite,boolean-lite,nonstd::boolean-lite
boost,Boost,
boost-ext-ut,ut,
boost-leaf,boost-leaf,boost::leaf
bullet3,Bullet,Bullet::Bullet
bx,bx,bx::bx
byte-lite,byte-lite,nonstd::byte-lite
bzip2,BZip2,BZip2::BZip2
c-ares,c-ares,c-ares::cares
c4core,c4core,c4core::c4core
caf,CAF,
canary,canary,canary::canary
capnproto,CapnProto,
catch2,Catch2,
cctag,CCTag,CCTag::CCTag
cctz,cctz,cctz::cctz
cd3-boost-unit-definitions,BoostUnitDefinitions,
celero,Celero,celero
cereal,cereal,cereal::cereal
ceres-solver,Ceres,Ceres::ceres
certify,certify,certify::core
cfgfile,cfgfile,cfgfile::cfgfile
cfitsio,cfitsio,cfitsio::cfitsio
cgal,,CGAL::CGAL
cgns,CGNS,CGNS::CGNS
charls,charls,charls
cista,cista,cista::cista
civetweb,civetweb,
cjson,cJSON,
clhep,CLHEP,
cli11,CLI11,CLI11::CLI11
clickhouse-cpp,,clickhouse-cpp-lib::clickhouse-cpp-lib
clipp,clipp,clipp::clipp
cminpack,,cminpack
cmocka,cmocka,
cnats,cnats,
cocoyaxi,cocoyaxi,cocoyaxi::co
coin-lemon,LEMON,LEMON::LEMON
concurrencpp,concurrencpp,concurrencpp::concurrencpp
concurrentqueue,concurrentqueue,concurrentqueue::concurrentqueue
coost,coost,coost::co
copypp,copypp,icurve::copypp
corrade,Corrade,Corrade::Corrade
coz,coz-profiler,coz::coz
cpp-httplib,httplib,httplib::httplib
cpp-jwt,cpp-jwt,cpp-jwt::cpp-jwt
cpp-lazy,cpp-lazy,cpp-lazy::cpp-lazy
cpp-peglib,peglib,peglib
cpp-sort,cpp-sort,cpp-sort::cpp-sort
cpp-yyjson,cpp_yyjson,cpp_yyjson::cpp_yyjson
cppdap,cppdap,cppdap::cppdap
cppitertools,cppitertools,cppitertools::cppitertools
cppkafka,CppKafka,CppKafka::cppkafka
cpprestsdk,cpprestsdk,
cpptoml,cpptoml,cpptoml
cpputest,CppUTest,
cppzmq,cppzmq,cppzmq
cpr,cpr,cpr::cpr
cpu_features,CpuFeatures,CpuFeatures::cpu_features
cpuinfo,cpuinfo,
cpython,Python3,
crc32c,Crc32c,Crc32c::crc32c
croncpp,croncpp,
crowcpp-crow,Crow,Crow::Crow
cryptopp,cryptopp,cryptopp::cryptopp
cs_libguarded,CsLibGuarded,CsLibGuarded::CsLibGuarded
csvmonkey,csvmonkey,csvmonkey::csvmonkey
ctml,CTML,CTML::CTML
ctrack,ctrack,ctrack::ctrack
cub,cub,CUB::CUB
cubicinterpolation,CubicInterpolation,CubicInterpolation::CubicInterpolation
cuda-api-wrappers,,cuda-api-wrappers::runtime-and-driver
curlpp,curlpp,curlpp::curlpp
cutlass,NvidiaCutlass,nvidia::cutlass::cutlass
cvplot,CvPlot,CvPlot::CvPlot
cwalk,Cwalk,cwalk
cxxopts,cxxopts,cxxopts::cxxopts
cyclonedds,CycloneDDS,CycloneDDS::CycloneDDS
cyclonedds-cxx,CycloneDDS-CXX,CycloneDDS-CXX::CycloneDDS-CXX
czmq,czmq,
dacap-clip,clip,clip::clip
dataframe,DataFrame,DataFrame::DataFrame
date,date,date::date
daw_header_libraries,daw-header-libraries,daw::daw-header-libraries
daw_json_link,daw-json-link,daw::daw-json-link
daw_utf_range,daw-utf-range,daw::daw-utf-range
dbus,DBus1,dbus-1
dcmtk,DCMTK,
devil,DevIL,DevIL::DevIL
directx-headers,DirectX-Headers,Microsoft::DirectX-Headers
discount,discount,discount::libmarkdown
dispenso,Dispenso,Dispenso::dispenso
dlib,dlib,dlib::dlib
docopt.cpp,docopt,
doctest,doctest,doctest::doctest
double-conversion,double-conversion,double-conversion::double-conversion
dpp,dpp,dpp::dpp
draco,draco,draco::draco
drogon,Drogon,Drogon::Drogon
dylib,dylib,dylib::dylib
eabase,EABase,EABase::EABase
earcut,earcut_hpp,earcut_hpp::earcut_hpp
eastl,EASTL,EASTL::EASTL
easy_profiler,easy_profiler,easy_profiler
easyhttpcpp,easyhttpcppeasyhttp,easyhttpcpp::easyhttp
ecos,ecos,ecos::ecos
edlib,edlib,edlib::edlib
edyn,Edyn,Edyn::Edyn
effolkronium-random,effolkronium_random,effolkronium_random
eigen,Eigen3,Eigen3::Eigen
embree3,embree,embree
enjincppsdk,enjinsdk,enjinsdk::enjinsdk
entt,EnTT,EnTT::EnTT
enum-flags,enumflags,EnumFlags::EnumFlags
erikzenker-hsm,hsm,hsm::hsm
erkir,erkir,erkir::erkir
etl,etl,etl::etl
exiv2,exiv2,
expat,expat,expat::expat
expected-lite,expected-lite,nonstd::expected-lite
ezc3d,ezc3d,ezc3d
faker-cxx,faker-cxx,faker-cxx::faker-cxx
fast_float,FastFloat,FastFloat::fast_float
fast-cdr,fastcdr,fastcdr
fast-dds,fastdds,
fastnoise2,FastNoise2,FastNoise2::FastNoise
fastpfor,FastPFOR,FastPFOR::FastPFOR
fcl,fcl,fcl
fixed_math,fixed_math,fixed_math::fixed_math
fixed-containers,fixed_containers,fixed_containers::fixed_containers
flac,flac,
flann,flann,
flatbuffers,flatbuffers,
flecs,flecs,
flint,libflint,libflint::libflint
fltk,fltk,fltk::fltk
flux,flux,flux::flux
fmt,fmt,
folly,folly,folly::folly
fontconfig,Fontconfig,Fontconfig::Fontconfig
foonathan-lexy,lexy,foonathan::lexy
foonathan-memory,foonathan_memory,foonathan_memory
freeglut,FreeGLUT,
freetype,freetype,Freetype::Freetype
frozen,frozen,frozen::frozen
frugally-deep,frugally-deep,frugally-deep::fdeep
fswatch,fswatch,fswatch::fswatch
ftxui,ftxui,
functionalplus,FunctionalPlus,FunctionalPlus::fplus
functions-framework-cpp,functions_framework_cpp,functions-framework-cpp::framework
fusepp,fusepp,fusepp::fusepp
g3log,g3log,g3log
gaia-ecs,gaia,gaia::gaia
gamenetworkingsockets,GameNetworkingSockets,GameNetworkingSockets::GameNetworkingSockets
games101-cgl,games101-cgl,games101-cgl::games101-cgl
gcem,gcem,gcem
gdal,GDAL,GDAL::GDAL
gdcm,GDCM,
gegles-spdlog_setup,spdlog_setup,spdlog_setup::spdlog_setup
gemmlowp,gemmlowp,gemmlowp::gemmlowp
geographiclib,geographiclib,GeographicLib::GeographicLib
geos,geos,GEOS::geos_c
gflags,gflags,gflags::gflags
ghc-filesystem,ghc_filesystem,ghcFilesystem::ghc_filesystem
giflib,GIF,GIF::GIF
ginkgo,Ginkgo,Ginkgo::ginkgo
glbinding,glbinding,glbinding::glbinding-aux
glew,,GLEW::GLEW
glfw,glfw3,glfw
gli,gli,gli
glm,glm,glm::glm
glog,glog,glog::glog
glslang,glslang,glslang::_glslang-do-not-use
gm2calc,GM2Calc,GM2Calc::GM2Calc
gnutls,GnuTLS,GnuTLS::GnuTLS
greg7mdp-gtl,gtl,gtl::gtl
grpc,gRPC,
gsl,GSL,GSL::gsl
gsl-lite,gsl-lite,gsl::gsl-lite
gtest,GTest,
gtlab-logging,GTlabLogging,GTlab::Logging
gtsam,GTSAM,
h3,h3,h3::h3
h5pp,h5pp,h5pp::h5pp
harfbuzz,harfbuzz,harfbuzz::harfbuzz
hayai,,hayai_main
hazelcast-cpp-client,hazelcast-cpp-client,hazelcast-cpp-client::hazelcast-cpp-client
hdf5,HDF5,HDF5::HDF5
hdrhistogram-c,hdr_histogram,
hexl,Hexl,Hexl::Hexl
hictk,hictk,hictk::libhictk
highfive,HighFive,HighFive
highs,highs,highs::highs
hipony-enumerate,hipony-enumerate,hipony::enumerate
hiredis,hiredis,hiredis::hiredis_all_unofficial
iceoryx,iceoryx,
icu,ICU,
id3v2lib,id3v2lib,id3v2lib::id3v2lib
idna,ada-idna,ada-idna
iir1,iir,
im95able-rea,rea,rea::rea
imath,Imath,Imath::Imath
imgui-sfml,ImGui-SFML,ImGui-SFML::ImGui-SFML
imutils-cpp,imutils_cpp,imutils_cpp::imutils_cpp
indicators,indicators,indicators::indicators
indirect_value,indirect_value,indirect_value::indirect_value
influxdb-cxx,InfluxDB,InfluxData::InfluxDB
inipp,inipp,inipp::inipp
inja,inja,pantor::inja
intel-neon2sse,NEON_2_SSE,NEON_2_SSE::NEON_2_SSE
intx,intx,intx::intx
iphreeqc,IPhreeqc,IPhreeqc::IPhreeqc
itk,ITK,
ittapi,,ittapi::ittnotify
ixwebsocket,ixwebsocket,ixwebsocket::ixwebsocket
jansson,jansson,jansson::jansson
jasper,Jasper,Jasper::Jasper
jfalcou-eve,eve,eve::eve
jinja2cpp,jinja2cpp,jinja2cpp
joltphysics,Jolt,Jolt::Jolt
json_dto,json-dto,json-dto::json-dto
json-c,json-c,json-c::json-c
json-schema-validator,nlohmann_json_schema_validator,nlohmann_json_schema_validator
jsoncons,jsoncons,jsoncons
jsoncpp,jsoncpp,JsonCpp::JsonCpp
jthread-lite,jthread-lite,nonstd::jthread-lite
jwt-cpp,jwt-cpp,jwt-cpp::jwt-cpp
kainjow-mustache,kainjow_mustache,kainjow_mustache::kainjow_mustache
kangaru,kangaru,kangaru
kdbindings,KDBindings,KDAB::KDBindings
kissfft,kissfft,kissfft::kissfft
kitten,kitten,rvarago::kitten
ktx,Ktx,KTX::ktx
kuba-zip,zip,zip::zip
lefticus-tools,,lefticus::tools
leopard,ThreadPool,ThreadPool::ThreadPool
leptonica,Leptonica,leptonica
leveldb,leveldb,leveldb::leveldb
lexbor,lexbor,
libaec,libaec,
libaesgm,Aesgm,Aesgm::Aesgm
libalsa,ALSA,ALSA::ALSA
libarchive,LibArchive,LibArchive::LibArchive
libassert,libassert,libassert::assert
libatomic_ops,Atomic_ops,Atomic_ops::atomic_ops_gpl
libavif,libavif,avif
libbigwig,BigWig,BigWig::BigWig
libboxes,libboxes,libboxes::libboxes
libccd,ccd,ccd
libcds,LibCDS,
libcheck,check,
libcoap,libcoap,
libcoro,libcoro,libcoro::libcoro
libcpuid,cpuid,cpuid::cpuid
libcuckoo,libcuckoo,libcuckoo::libcuckoo
libcurl,CURL,CURL::libcurl
libcvd,CVD,cvd
libdatachannel,LibDataChannel,LibDataChannel::LibDataChannel
libde265,libde265,de265
libdeflate,libdeflate,
libe57format,e57format,E57Format
libevent,Libevent,
libfdk_aac,fdk-aac,FDK-AAC::fdk-aac
libfreenect2,freenect2,freenect2::freenect2
libftdi,LibFTDI1,
libftp,ftp,ftp::ftp
libgeotiff,geotiff,geotiff_library
libgettext,Intl,Intl::Intl
libgta,GTA,GTA::GTA
libheif,libheif,libheif::heif
libhydrogen,hydrogen,hydrogen::hydrogen
libiconv,Iconv,Iconv::Iconv
libid3tag,id3tag,id3tag::id3tag
libigl,libigl,igl::igl
libinterpolate,libInterpolate,
libjpeg,JPEG,JPEG::JPEG
libjpeg-turbo,libjpeg-turbo,
libjuice,LibJuice,LibJuice::LibJuice
libkml,LibKML,
liblsl,LSL,LSL::lsl
libmaxminddb,maxminddb,maxminddb::maxminddb
libmediainfo,MediaInfoLib,mediainfo
libmeshb,libMeshb,libMeshb::Meshb.7
libmorton,libmorton,libmorton::libmorton
libnabo,libnabo,libnabo::nabo
libnfs,libnfs,libnfs::libnfs
libpng,PNG,PNG::PNG
libpointmatcher,libpointmatcher,
libpq,PostgreSQL,PostgreSQL::PostgreSQL
libpqxx,libpqxx,libpqxx::pqxx
libq,libq,libq::libq
librdkafka,RdKafka,RdKafka::rdkafka++
librealsense,realsense2,
libressl,LibreSSL,
librhash,LibRHash,LibRHash::LibRHash
libsamplerate,SampleRate,SampleRate::samplerate
libsersi,,libsersi::sersi
libsigcpp,sigc++-3,sigc-3.0
libsndfile,SndFile,SndFile::sndfile
libsndio,sndio,sndio::sndio
libspatialindex,libspatialindex,
libspng,SPNG,
libssh,libssh,ssh::ssh
libssh2,Libssh2,Libssh2::libssh2
libtiff,TIFF,TIFF::TIFF
libtorrent,LibtorrentRasterbar,LibtorrentRasterbar::torrent-rasterbar
libunifex,unifex,unifex::unifex
libuv,libuv,
libuvc,libuvc,
libvault,libvault,libvault::libvault
libversion,libversion,libversion::libversion
libwebm,webm,webm::webm
libwebp,WebP,
libwebsockets,Libwebsockets,
libxml2,libxml2,LibXml2::LibXml2
libxslt,LibXslt,
libyaml,yaml,yaml
libyang,LibYANG,
libzen,ZenLib,zen
libzip,libzip,libzip::zip
libzippp,libzippp,libzippp::libzippp
lief,LIEF,LIEF::LIEF
lielab,Lielab,Lielab::Lielab
lightgbm,LightGBM,LightGBM::LightGBM
lightpcapng,light_pcapng,light_pcapng::light_pcapng
litehtml,litehtml,litehtml
llhttp,llhttp,llhttp::llhttp
llnl-units,units,units::units
llvm-core,LLVM,LLVM
llvm-openmp,OpenMP,OpenMP::OpenMP
log4cplus,log4cplus,log4cplus::log4cplus
log4cxx,log4cxx,log4cxx
logr,logr,
loguru,loguru,loguru::loguru
luau,Luau,Luau::Luau
lyra,lyra,bfg::lyra
lz4,lz4,
lzham,lzham,lzham::lzham
magic_enum,magic_enum,magic_enum::magic_enum
magnum,Magnum,
magnum-extras,MagnumExtras,
magnum-integration,MagnumIntegration,
manif,manif,MANIF::manif
mariadb-connector-cpp,mariadb-connector-cpp,mariadb-connector-cpp::mariadb-connector-cpp
matchit,matchit,matchit::matchit
mbedtls,MbedTLS,MbedTLS::mbedtls
mbits-args,mbits-args,mbits::args
mbits-diags,mbits-diags,mbits::diags
mbits-lngs,mbits-lngs,
mbits-mstch,mbits-mstch,mbits::mstch
mbits-semver,mbits-semver,mbits::semver
mbits-utfconv,mbits-utfconv,mbits::utfconv
md4c,md4c,md4c::md4c-html
md4qt,md4qt,md4qt::md4qt
mdns,mdns,mdns::mdns
mdnsresponder,DNSSD,DNSSD::DNSSD
mdspan,mdspan,std::mdspan
meshoptimizer,meshoptimizer,meshoptimizer::meshoptimizer
metal-cpp,metal-cpp,metal-cpp::metal-cpp
metall,Metall,Metall::Metall
mfast,mFAST,
mgs,mgs,
mikelankamp-fpm,fpm,fpm::fpm
mimalloc,mimalloc,
minio-cpp,miniocpp,miniocpp::miniocpp
miniupnpc,miniupnpc,miniupnpc::miniupnpc
miniz,miniz,miniz::miniz
minizip-ng,minizip,MINIZIP::minizip
mio,mio,mio::mio
mlpack,mlpack,mlpack::mlpack
mongo-c-driver,mongoc-1.0,
mongo-cxx-driver,mongocxx,
morton-nd,morton-nd,morton-nd::MortonND
mozjpeg,mozjpeg,
mpark-variant,mpark_variant,mpark_variant
mpg123,mpg123,
mpmcqueue,MPMCQueue,MPMCQueue::MPMCQueue
mppp,mp++,mp++::mp++
ms-gsl,Microsoft.GSL,Microsoft.GSL::GSL
msdfgen,msdfgen,msdfgen::msdgen-all-unofficial
msgpack-c,msgpack,msgpackc
msgpack-cxx,msgpack-cxx,msgpack-cxx
msgpack23,msgpack23,msgpack23::msgpack23
muparser,muparser,muparser::muparser
muparserx,muparserx,
mysql-connector-cpp,mysql-concpp,mysql::concpp
nanodbc,nanodbc,nanodbc::nanodbc
nanoflann,nanoflann,nanoflann::nanoflann
nanomsg,nanomsg,nanomsg::nanomsg
nanorange,nanorange,nanorange::nanorange
ncurses,Curses,Curses::Curses
neargye-semver,semver,semver::semver
netcdf,netCDF,netCDF::netcdf
nifti_clib,nifti,NIFTI::NIFTI
nlohmann_json,nlohmann_json,nlohmann_json::nlohmann_json
nlopt,NLopt,NLopt::nlopt
nng,nng,nng::nng
nodeeditor,QtNodes,QtNodes::QtNodes
norm,norm,norm::norm
nudb,,NuDB
numcpp,NumCpp,NumCpp::NumCpp
nvcloth,nvcloth,nvcloth::nvcloth
oatpp,oatpp,oatpp::oatpp-test
oatpp-libressl,oatpp-libressl,oatpp::oatpp-libressl
oatpp-openssl,oatpp-openssl,oatpp::oatpp-openssl
oatpp-postgresql,oatpp-postgresql,oatpp::oatpp-postgresql
oatpp-sqlite,oatpp-sqlite,oatpp::oatpp-sqlite
oatpp-swagger,oatpp-swagger,oatpp::oatpp-swagger
oatpp-websocket,oatpp-websocket,oatpp::oatpp-websocket
observer-ptr-lite,observer-ptr-lite,nonstd::observer-ptr-lite
octo-encryption-cpp,octo-encryption-cpp,octo::octo-encryption-cpp
octo-keygen-cpp,octo-keygen-cpp,octo::octo-keygen-cpp
octo-logger-cpp,octo-logger-cpp,octo::octo-logger-cpp
octo-wildcardmatching-cpp,octo-wildcardmatching-cpp,octo::octo-wildcardmatching-cpp
octomap,octomap,
odbc,ODBC,ODBC::ODBC
ode,ode,ODE::ODE
ogg,Ogg,Ogg::ogg
ogre,OGRE,
onedpl,ParallelSTL,pstl::ParallelSTL
onetbb,TBB,TBB::TBB
oniguruma,oniguruma,oniguruma::onig
onnx,ONNX,
onnxruntime,onnxruntime,onnxruntime::onnxruntime
open-dis-cpp,OpenDIS,
open-simulation-interface,open_simulation_interface,open_simulation_interface::open_simulation_interface
openal,OpenAL,OpenAL::OpenAL
openal-soft,OpenAL,OpenAL::OpenAL
openassetio,OpenAssetIO,OpenAssetIO::OpenAssetIO
openblas,OpenBLAS,OpenBLAS::OpenBLAS
opencascade,OpenCASCADE,
opencl-clhpp-headers,OpenCLHeadersCpp,
opencl-headers,OpenCLHeaders,
opencl-icd-loader,OpenCLICDLoader,OpenCL::OpenCL
opencolorio,OpenColorIO,OpenColorIO::OpenColorIO
opencore-amr,opencore-amr,
opencv,OpenCV,
openddl-parser,openddlparser,openddlparser::openddlparser
opendis6,OpenDIS,OpenDIS::OpenDIS6
openexr,OpenEXR,
openfst,OpenFst,OpenFst::OpenFst
openfx,openfx,openfx::openfx
opengl,opengl_system,
opengv,opengv,opengv
openimageio,OpenImageIO,
openjpeg,OpenJPEG,openjp2
openjph,openjph,openjph::openjph
openmesh,OpenMesh,
openmpi,MPI,
openmvg,OpenMVG,
openscenegraph,OpenSceneGraph,
openssl,OpenSSL,
opensubdiv,OpenSubdiv,
opentdf-client,opentdf-client,opentdf-client::opentdf-client
opentracing-cpp,OpenTracing,OpenTracing::OpenTracing
openvdb,OpenVDB,OpenVDB::openvdb
openvino,OpenVINO,
openxlsx,OpenXLSX,OpenXLSX::OpenXLSX
optimlib,OptimLib,OptimLib::OptimLib
optional-lite,optional-lite,nonstd::optional-lite
opus,Opus,Opus::opus
orcania,Orcania,
osqp,osqp,osqp::osqp
ouster_sdk,OusterSDK,OusterSDK::OusterSDK
pagmo2,pagmo,Pagmo::pagmo
paho-mqtt-c,eclipse-paho-mqtt-c,
paho-mqtt-cpp,PahoMqttCpp,
parallel-hashmap,phmap,phmap
parlayhash,parlayhash,parlay
parson,parson,parson::parson
pathie-cpp,Pathie,Pathie::Pathie
pcapplusplus,PcapPlusPlus,PcapPlusPlus::PcapPlusPlus
pcl,PCL,PCL::PCL
pcre2,PCRE2,
pdal,PDAL,
pdf-writer,PDFHummus,PDFHummus::PDFWriter
perlinnoise,PerlinNoise,siv::PerlinNoise
physfs,PhysFS,
physx,PhysX,
pistache,Pistache,Pistache::Pistache
platform.interfaces,Platform.Interfaces,Platform.Interfaces::Platform.Interfaces
platformfolders,platform_folders,sago::platform_folders
playrho,PlayRho,PlayRho::PlayRho
poco,Poco,Poco::Poco
polymorphic_value,polymorphic_value,
poselib,PoseLib,PoseLib::PoseLib
pranav-csv2,csv2,csv2::csv2
pretty-name,pretty-name,pretty-name::pretty-name
primesieve,primesieve,primesieve::primesieve
pro-mdnsd,mdnsd,libmdnsd
procxx-boost-ext-simd,Boost.SIMD,Boost
prometheus-cpp,prometheus-cpp,
proposal,PROPOSAL,PROPOSAL::PROPOSAL
protobuf,protobuf,
proxy,proxy,msft_proxy
psyinf-gmtl,gmtl,gmtl::gmtl
ptex,ptex,
pugixml,pugixml,pugixml::pugixml
pybind11,,pybind11_all_do_not_use
qarchive,QArchive,QArchive
qcoro,QCoro6,
qhull,Qhull,
qpdf,qpdf,qpdf::libqpdf
quantlib,QuantLib,QuantLib::QuantLib
quazip,,QuaZip::QuaZip
quickcpplib,quickcpplib,quickcpplib::hl
qxlsx,,QXlsx::QXlsx
qxmpp,QXmpp,QXmpp::QXmpp
rabbitmq-c,rabbitmq-c,
rang,rang,rang::rang
rapidcheck,rapidcheck,
rapidjson,RapidJSON,rapidjson
rapidyaml,ryml,ryml::ryml
raylib,raylib,raylib
re2,re2,re2::re2
reactiveplusplus,RPP,RPP::rpp
read-excel,read-excel,read-excel::read-excel
recastnavigation,recastnavigation,
rectanglebinpack,RectangleBinPack,RectangleBinPack::RectangleBinPack
redboltz-mqtt_cpp,mqtt_cpp,mqtt_cpp::mqtt_cpp
redis-plus-plus,redis++,
redradist-icc,icc,icc::icc
reflect-cpp,reflectcpp,reflectcpp::reflectcpp
replxx,replxx,replxx::replxx
resource_pool,,elsid::resource_pool
restinio,restinio,restinio::restinio
ring-span-lite,ring-span-lite,
roaring,roaring,roaring::roaring
robin-hood-hashing,robin_hood,robin_hood::robin_hood
rocksdb,RocksDB,
rpclib,rpclib,rpclib::rpc
rtmidi,RtMidi,RtMidi::rtmidi
rttr,rttr,
ruby,Ruby,Ruby::Ruby
rusty-cpp,,rusty-cpp
s2geometry,s2,s2::s2
s2n,s2n,AWS::s2n
sail,Sail,
scnlib,scn,
scope-lite,scope-lite,nonstd::scope-lite
sdbus-cpp,sdbus-c++,SDBusCpp::sdbus-c++
sdl,SDL3,
sdl_image,SDL2_image,SDL2_image::SDL2_image
sdl_mixer,SDL2_mixer,SDL2_mixer::SDL2_mixer
sdl_net,SDL2_net,SDL2_net::SDL2_net
sdl_ttf,SDL2_ttf,
seasocks,Seasocks,Seasocks::seasocks
sentry-crashpad,crashpad,
sentry-native,sentry,
seqan3,seqan3,seqan3::seqan3
sfml,SFML,
shapelib,shapelib,shapelib::shp
si,SI,SI::SI
sigslot,PalSigslot,Pal::Sigslot
simd,Simd,Simd::Simd
simdjson,simdjson,simdjson::simdjson
sioclient,sioclient,
skyr-url,skyr-url,skyr::skyr-url
sml,sml,sml::sml
snappy,Snappy,Snappy::snappy
snitch,snitch,
so5extra,so5extra,sobjectizer::so5extra
sobjectizer,sobjectizer,
soci,SOCI,
sophus,Sophus,Sophus::Sophus
soplex,,soplex
soundtouch,SoundTouch,
span-lite,span-lite,nonstd::span-lite
sparrow,sparrow,sparrow::sparrow
spdlog,spdlog,
spectra,spectra,Spectra::Spectra
speedb,Speedb,Speedb::speedb
spirv-headers,SPIRV-Headers,SPIRV-Headers::SPIRV-Headers
spirv-tools,SPIRV-Tools,
spix,Spix,Spix::Spix
splunk-opentelemetry-cpp,SplunkOpenTelemetry,SplunkOpenTelemetry::SplunkOpenTelemetry
spscqueue,SPSCQueue,SPSCQueue::SPSCQueue
sqlite_orm,SqliteOrm,sqlite_orm::sqlite_orm
sqlite3,SQLite3,SQLite::SQLite3
sqlitecpp,SQLiteCpp,SQLiteCpp
sqlpp11,Sqlpp11,sqlpp11::sqlpp11
squirrel,squirrel,squirrel::squirel-all-do-not-use
status-code,status-code,status-code::hl
status-value-lite,status-value-lite,nonstd::status-value-lite
stella-cv-fbow,fbow,fbow::fbow
string-view-lite,string-view-lite,nonstd::string-view-lite
strong_type,strong_type,
swig,SWIG,SWIG::SWIG
symengine,,symengine
systemc,SystemCLanguage,SystemC::systemc
szip,szip,
taocpp-json,taocpp-json,taocpp::json
taocpp-operators,taocpp-operators,taocpp::operators
taocpp-pegtl,pegtl,taocpp::pegtl
taocpp-sequences,taocpp-sequences,taocpp::sequences
taocpp-taopq,taopq,taocpp::taopq
taocpp-tuple,taocpp-tuple,taocpp::tuple
taskflow,Taskflow,Taskflow::Taskflow
taywee-args,args,taywee::args
tbb,TBB,
tcl,TCL,
tcsbank-uconfig,uconfig,uconfig::uconfig
tcsbank-uri-template,uri-template,uri-template::uri-template
tensorflow-lite,tensorflowlite,tensorflow::tensorflowlite
tensorpipe,Tensorpipe,tensorpipe
termcolor,termcolor,termcolor::termcolor
tesseract,Tesseract,Tesseract::libtesseract
thelink2012-any,any,any::any
thrift,Thrift,thrift::thrift-conan-do-not-use
tiledb,TileDB,
timsort,gfx-timsort,gfx::timsort
tinkerforge-bindings,tinkerforge-bindings,tinkerforge::bindings
tiny-dnn,tinydnn,TinyDNN::tiny_dnn
tiny-utf8,tinyutf8,tinyutf8::tinyutf8
tinyad,TinyAD,TinyAD
tinyexif,TinyEXIF,TinyEXIF::TinyEXIF
tinygltf,TinyGLTF,TinyGLTF::TinyGLTF
tinyobjloader,tinyobjloader,
tinyply,tinyply,tinyply::tinyply
tinyspline,tinyspline,tinyspline-do-not-use
tinyxml2,tinyxml2,tinyxml2::tinyxml2
tixi3,tixi3,tixi3
tl-expected,tl-expected,tl::expected
tl-function-ref,tl-function-ref,tl::function-ref
tl-optional,tl-optional,tl::optional
tlx,tlx,tlx
tmx,tmx,tmx
tng,tng_io,tng_io::tng_io
toml11,toml11,toml11::toml11
tomlplusplus,tomlplusplus,tomlplusplus::tomlplusplus
tracy,Tracy,Tracy::TracyClient
trantor,Trantor,Trantor::Trantor
troldal-zippy,Zippy,Zippy::Zippy
trompeloeil,trompeloeil,trompeloeil::trompeloeil
tsl-array-hash,tsl-array-hash,tsl::array_hash
tsl-hat-trie,tsl-hat-trie,tsl::hat_trie
tsl-hopscotch-map,tsl-hopscotch-map,tsl::hopscotch_map
tsl-ordered-map,tsl-ordered-map,tsl::ordered_map
tsl-robin-map,tsl-robin-map,tsl::robin_map
tsl-sparse-map,tsl-sparse-map,tsl::sparse_map
tuplet,tuplet,tuplet::tuplet
tweenerspp,tweeners,tweeners::tweeners
tweeny,tweeny,tweeny
ulfius,Ulfius,
uni-algo,uni-algo,uni-algo::uni-algo
units,units,units::units
unleash-client-cpp,unleash,unleash::unleash
unordered_dense,unordered_dense,unordered_dense::unordered_dense
uriparser,uriparser,uriparser::uriparser
utfcpp,utf8cpp,utf8cpp
util-linux-libuuid,libuuid,libuuid::libuuid
valijson,,ValiJSON::valijson
variant-lite,variant-lite,nonstd::variant-lite
vc,Vc,Vc::Vc
velodyne_decoder,velodyne_decoder,velodyne_decoder::velodyne_decoder
vigra,Vigra,vigraimpex
vir-simd,vir-simd,vir-simd::vir-simd
volk,volk,
vorbis,Vorbis,
vsg,vsg,vsg::vsg
vulkan-headers,VulkanHeaders,
vulkan-loader,VulkanLoader,Vulkan::Loader
wavelet_buffer,wavelet_buffer,wavelet_buffer::wavelet_buffer
websocketpp,websocketpp,websocketpp::websocketpp
wg21-linear_algebra,wg21_linear_algebra,wg21_linear_algebra::wg21_linear_algebra
wil,wil,WIL::WIL
wildmidi,WildMidi,WildMidi::libwildmidi
wise_enum,WiseEnum,WiseEnum::wise_enum
wslay,wslay,
wt,wt,
wxwidgets,wxWidgets,wxWidgets::wxWidgets
xapian-core,xapian,
xbyak,xbyak,xbyak::xbyak
xerces-c,XercesC,XercesC::XercesC
xlnt,Xlnt,xlnt::xlnt
xlsxio,xlsxio,
xproperty,xproperty,xproperty
xsimd,xsimd,xsimd
xtensor,xtensor,xtensor
xtl,xtl,xtl
xxhash,xxHash,xxHash::xxhash
xxsds-sdsl-lite,sdsl-lite,sdsl-lite::sdsl-lite
xz_utils,LibLZMA,LibLZMA::LibLZMA
yaclib,yaclib,yaclib
yaml-cpp,yaml-cpp,yaml-cpp::yaml-cpp
yandex-ozo,ozo,yandex::ozo
ydcpp-tcpcat,,ydcpp-tcpcat
yder,Yder,
yomm2,YOMM2,YOMM2::yomm2
yyjson,yyjson,yyjson::yyjson
z3,Z3,z3::libz3
zeromq,ZeroMQ,
zeus_expected,,zeus::expected
zfp,zfp,zfp::cfp
zint,Zint,
zlib,ZLIB,ZLIB::ZLIB
zlib-ng,ZLIB,ZLIB::ZLIB
zopfli,Zopfli,
zserio,,zserio::ZserioCppRuntime
zstd,zstd,
zxing-cpp,ZXing,ZXing::ZXing
zyre,zyre,
